ranker,ndcg@10,ndcg@50,ndcg@100,map,p@10,p@50,p@100,honeypot_rate@100,runtime_sec
random,0.0,0.0,0.0,0.0020770828241514134,0.0,0.0,0.0,0.0,0.1
skill_count,0.0,0.013668405018453907,0.008419418569944744,0.007302522453444309,0.0,0.02,0.01,0.0,0.3
bm25,0.0,0.0,0.007930190374208272,0.007934823945318668,0.0,0.0,0.01,0.0,84.6
